{
  "gghzz" : {
    "sbi" : 1.5569109,
    "sig" : 0.15105108,
    "int" : -0.22043824,
    "bkg" : 1.6270497
  }
}